Symbol,Beta,Alpha,Volatility,Annual Return,Shortname,Sector
A,1.0372571695131636,-0.07164412208359519,0.28511085369685774,0.06785574523348334,"Agilent Technologies, Inc.",Healthcare
AAPL,1.2461538805087107,0.01596885181584584,0.27546900760900206,0.17510454542911605,Apple Inc.,Technology
ABBV,0.3475174050609965,0.14503425241518264,0.22472029840572955,0.2197001156935493,AbbVie Inc.,Healthcare
ABNB,1.5422822676777823,-0.1518375797157803,0.45131494755291157,0.03513352377116306,"Airbnb, Inc.",Consumer Cyclical
ABT,0.5486262149326174,-0.07382715499761815,0.22000350121298232,0.01974248918976036,Abbott Laboratories,Healthcare
ACGL,0.558998936633038,0.16504628860471784,0.2438390705467924,0.2595909455654307,Arch Capital Group Ltd.,Financial Services
ACN,1.0147692989560477,-0.07672484415922573,0.2622360909124786,0.06066121333324439,Accenture plc,Technology
ADBE,1.2976271957218026,-0.1954762763352641,0.3517243916949194,-0.03150220555656817,Adobe Inc.,Technology
ADI,1.4155750477605422,0.038324338302532845,0.3255764038103604,0.21338524488445493,"Analog Devices, Inc.",Technology
ADM,0.515504450566304,0.03450873860852803,0.27662935764536456,0.12496501060052437,Archer-Daniels-Midland Company,Consumer Defensive
ADP,0.7722965173957113,0.0074146155576056,0.21082323935533137,0.12200877078611576,"Automatic Data Processing, Inc.",Technology
ADSK,1.3994634217134085,-0.13904691669726077,0.34387046761934303,0.034499532864715896,"Autodesk, Inc.",Technology
AEE,0.36500000178620085,0.04124226802606576,0.19141237047755186,0.11755145651939858,Ameren Corporation,Utilities
AEP,0.32972502452673563,0.060970926325374264,0.19763783463563633,0.13396434539961014,American Electric Power Company,Utilities
AES,1.0550309746458983,-0.13959426909987668,0.37313332902481033,0.0015762963748965353,The AES Corporation,Utilities
AFL,0.6034639135575643,0.12429034874297017,0.20882874749348754,0.22301461465488756,AFLAC Incorporated,Financial Services
AIG,0.830151596734508,0.07764582682185786,0.26855286904099207,0.19767823085206035,"American International Group, I",Financial Services
AIZ,0.6215550775760759,0.06179081095938797,0.24756974655781935,0.1622156060585312,"Assurant, Inc.",Financial Services
AJG,0.6169655217778374,0.0888516255411651,0.21714847971657697,0.18884501260137174,Arthur J. Gallagher & Co.,Financial Services
AKAM,0.901149755821971,-0.10591264717135698,0.30847683486095684,0.020793425929779417,"Akamai Technologies, Inc.",Technology
ALB,1.5722827068292091,-0.028616443574483424,0.5356114502219825,0.16117463447873942,Albemarle Corporation,Basic Materials
ALGN,1.5732820728956716,-0.30358690613379735,0.4940861197924409,-0.11370188989268326,"Align Technology, Inc.",Healthcare
ALL,0.5398909240945647,0.08460955890839707,0.2513209788744147,0.17735810518224082,Allstate Corporation (The),Financial Services
ALLE,0.895432575045453,0.0003554385189449838,0.25526971624780365,0.12652410934076055,Allegion plc,Industrials
AMAT,1.814011867646595,0.12271272812193945,0.43517714818084585,0.3352258097429234,"Applied Materials, Inc.",Technology
AMCR,0.6987085909271366,-0.08035625919602818,0.23497433513567514,0.027320794586760046,Amcor plc,Consumer Cyclical
AMD,2.0426885788620535,0.10041927495205485,0.5240856359679155,0.3344274589038115,"Advanced Micro Devices, Inc.",Technology
AME,0.848179609506395,0.04084853321426751,0.21222939946069716,0.1625755303549467,"AMETEK, Inc.",Industrials
AMGN,0.44604546589780997,0.04517030953664816,0.2336295270751293,0.12909759143033,Amgen Inc.,Healthcare
AMP,1.2106242624013994,0.09060159423245576,0.2756295604885311,0.24639758275319312,"Ameriprise Financial, Inc.",Financial Services
AMT,0.524198370812861,-0.08332416732782988,0.2579337279387873,0.007949313834099136,American Tower Corporation (REI,Real Estate
AMZN,1.4892676682075856,-0.0490211459195998,0.3500749594306972,0.1329667031092054,"Amazon.com, Inc.",Consumer Cyclical
ANET,1.560739328386467,0.30683517102183444,0.4503609857498745,0.49554119717121126,"Arista Networks, Inc.",Technology
AON,0.6160395075775378,0.03749720409238065,0.22447041451221897,0.13740354787699796,Aon plc,Financial Services
AOS,0.8535127501731461,-0.013816291827392815,0.2695775956273639,0.10841200867630445,A.O. Smith Corporation,Industrials
APA,1.2185663640643436,0.10451927117129117,0.49200199334238753,0.2610617995869702,APA Corporation,Energy
APD,0.7455259770025481,-0.05037444749984271,0.2604961157926023,0.061703336463125896,"Air Products and Chemicals, Inc",Basic Materials
APH,1.222919155294619,0.19685372662857414,0.28109813988068116,0.35380540774031016,Amphenol Corporation,Technology
APTV,1.4211557324237274,-0.22046816778224587,0.38907036262828404,-0.04488268925212082,Aptiv PLC,Consumer Cyclical
ARE,0.8962285777343693,-0.26314453931993353,0.30866514475557477,-0.1369010460154835,Alexandria Real Estate Equities,Real Estate
ATO,0.38134473536569075,0.09091854362873189,0.18810326016320938,0.16876410073167503,Atmos Energy Corporation,Utilities
AVB,0.6877089185775395,-0.03431404351890982,0.21997198877592122,0.07232906552371293,"AvalonBay Communities, Inc.",Real Estate
AVGO,1.6383760215241479,0.30568744470668435,0.4230229950877656,0.5016911473651697,Broadcom Inc.,Technology
AVY,0.8628530349751498,-0.037549276838070925,0.2468941356283052,0.08555698966640753,Avery Dennison Corporation,Consumer Cyclical
AWK,0.39614128579960056,-0.07845503935105497,0.2277904360000291,0.000781360588610891,"American Water Works Company, I",Utilities
AXON,1.1967302237803088,0.16579668506935583,0.4652107633911098,0.32028666485680046,"Axon Enterprise, Inc.",Industrials
AXP,1.1864698728595386,0.1212518309836782,0.29110154953230377,0.2747773606011893,American Express Company,Financial Services
AZO,0.4712712011701817,0.17391491379020374,0.235396161785131,0.26021335870335777,"AutoZone, Inc.",Consumer Cyclical
BA,1.1585261813784753,-0.04818339174679585,0.3671712298699309,0.10271549301172449,Boeing Company (The),Industrials
BAC,0.9785246195816026,0.04099723327502966,0.26815772896937046,0.17497637150598525,Bank of America Corporation,Financial Services
BALL,0.7435129509515549,-0.14514154204338248,0.2982399719764093,-0.03325297805270851,Ball Corporation,Consumer Cyclical
BAX,0.634414033375725,-0.29696116017335716,0.31265776258298467,-0.19532765182435483,Baxter International Inc.,Healthcare
BBY,1.1816606595841892,-0.14293432110981197,0.3684980667540155,0.010139153154380942,"Best Buy Co., Inc.",Consumer Cyclical
BDX,0.4754685420585605,-0.08965685945426459,0.22620572020801202,-0.002963873831506647,"Becton, Dickinson and Company",Healthcare
BEN,1.2256807981211029,-0.05639576408199344,0.32406487259720373,0.10081550531418483,"Franklin Resources, Inc.",Financial Services
BF-B,0.5859028576713177,-0.23314619320343954,0.2754920289563238,-0.1360726274931515,Brown Forman Inc,Consumer Defensive
BG,0.54052937787555,0.0820309861132919,0.2922238704821436,0.1748395456227765,Bunge Limited,Consumer Defensive
BIIB,0.7286712792671441,-0.13285092716091115,0.3773146564866228,-0.022357447304167864,Biogen Inc.,Healthcare
BK,0.9084353012031657,0.14809980222993052,0.24446071524479918,0.2754907003955516,The Bank of New York Mellon Cor,Financial Services
BKNG,1.1174290345723774,0.08949904081516516,0.31252240372185663,0.23653488516434737,Booking Holdings Inc. Common St,Consumer Cyclical
BKR,0.8792865632701273,0.1661766078169028,0.3527108490602524,0.2908275894367887,Baker Hughes Company,Energy
BLDR,1.459871905486529,0.1332430377646188,0.4453185648216238,0.3124677504669404,"Builders FirstSource, Inc.",Industrials
BLK,1.1998816859072101,-0.006597671587029619,0.26180149538403297,0.1481885386322296,"BlackRock, Inc.",Financial Services
BMY,0.29031992443091315,-0.026781667294014246,0.23402604842552027,0.042507759998933546,Bristol-Myers Squibb Company,Healthcare
BR,0.8069544821483331,-0.016579345404148405,0.22216521273813292,0.10127258143990683,"Broadridge Financial Solutions,",Technology
BRK-B,0.652874661152784,0.05943759927456632,0.17219720994370308,0.16280636558249706,Berkshire Hathaway Inc. New,Financial Services
BRO,0.7110287672003323,0.03026797648039764,0.2384599316415173,0.13910309943567795,"Brown & Brown, Inc.",Financial Services
BSX,0.7022290007016738,0.10845569825184811,0.22428453884744468,0.2164636627248755,Boston Scientific Corporation,Healthcare
BWA,1.0257092966830788,-0.02237039656004823,0.3223205594536583,0.11604399639076853,BorgWarner Inc.,Consumer Cyclical
BX,1.6444035246271171,0.05457295549616431,0.3813265201139585,0.2511432300425727,Blackstone Inc.,Financial Services
BXP,1.0133957459929996,-0.09998110235237957,0.3263030541537151,0.037275844216024326,"BXP, Inc.",Real Estate
C,1.072913297526631,0.06823130137628503,0.28453897020479224,0.21108276543574664,"Citigroup, Inc.",Financial Services
CAG,0.2139187835810007,-0.11237107216938233,0.22350577488381165,-0.05026318221807193,"ConAgra Brands, Inc.",Consumer Defensive
CAH,0.4196816907106848,0.24782218912033127,0.2470366307144417,0.3292713347732885,"Cardinal Health, Inc.",Healthcare
CARR,1.1358644302035446,-0.0017282815145562014,0.30577791437051355,0.1470404490279509,Carrier Global Corporation,Industrials
CAT,0.9874111354423691,0.18045890951251695,0.2934276826813893,0.3152733604728533,"Caterpillar, Inc.",Industrials
CB,0.48567010118544895,0.09560745342177841,0.2076046586278217,0.1832593629165842,Chubb Limited,Financial Services
CBOE,0.22381730000131184,0.18032925427168678,0.22419209857709865,0.2433675827545228,"Cboe Global Markets, Inc.",Financial Services
CBRE,1.1052816926483413,0.09317024818831032,0.29149773973078613,0.2390642694094783,CBRE Group Inc,Real Estate
CCI,0.5461420939735536,-0.1420880484078546,0.2551195674274115,-0.04875190606652453,Crown Castle Inc.,Real Estate
CCL,1.8714123242556409,0.02722249683207026,0.5497394972159493,0.24513109372912448,Carnival Corporation,Consumer Cyclical
CDNS,1.433773337157565,0.04324055228757692,0.3522373688303314,0.2200120576040831,"Cadence Design Systems, Inc.",Technology
CDW,1.1021641977993135,-0.11177829644011109,0.28027366209053817,0.03382268719782713,CDW Corporation,Technology
CE,1.3169792850306552,-0.2588428925116096,0.42478681724046613,-0.09304976837239845,Celanese Corporation,Basic Materials
CEG,1.2301270301490381,0.46013943980473715,0.49190480012331755,0.5997164561754277,Constellation Energy Corporatio,Utilities
CF,0.5657202417026733,0.14725800636246344,0.3622796748338482,0.2424344510531128,"CF Industries Holdings, Inc.",Basic Materials
CFG,1.1940820083606565,0.05243785601025633,0.34309142939946147,0.20667890943726488,"Citizens Financial Group, Inc.",Financial Services
CHD,0.21162338638682368,-0.0021539967633265877,0.20270037566555793,0.05973813095615725,"Church & Dwight Company, Inc.",Consumer Defensive
CHRW,0.6526916537045184,0.12842183244946143,0.30381098109164867,0.23177339646422093,"C.H. Robinson Worldwide, Inc.",Industrials
CHTR,0.8329630018574724,-0.26843726493080483,0.3585454983002345,-0.14814059507095062,"Charter Communications, Inc.",Communication Services
CI,0.4140955295804051,0.023455796036068982,0.2803530952736069,0.10437985496509476,The Cigna Group,Healthcare
CINF,0.7487382827893387,0.06779302834237508,0.25791122818525375,0.18017276190588583,Cincinnati Financial Corporatio,Financial Services
CL,0.23088626681797011,0.004184042870767901,0.1803738696473627,0.06788683851464221,Colgate-Palmolive Company,Consumer Defensive
CLX,0.27735802556305955,-0.12838500041514386,0.24915257955054845,-0.060313962791545155,Clorox Company (The),Consumer Defensive
CMCSA,0.7205600267206069,-0.13847956663644562,0.2573919129228511,-0.02874852648154973,Comcast Corporation,Communication Services
CME,0.2952334851417699,0.07425251891632535,0.1971067343651175,0.14400380998948475,CME Group Inc.,Financial Services
CMG,1.0483388346049753,-0.03517490109654102,0.33036562448715057,0.10536661809613847,"Chipotle Mexican Grill, Inc.",Consumer Cyclical
CMI,0.9353089733616462,0.11071375036892872,0.2622015459874948,0.2406307139566903,Cummins Inc.,Industrials
CMS,0.2898925610087471,0.023943835760552812,0.18882893098884215,0.09319309184217321,CMS Energy Corporation,Utilities
CNC,0.4206745111065039,-0.06909557769351256,0.3738732806050591,0.012446890868851512,Centene Corporation,Healthcare
CNP,0.43740873752123655,0.08784402115113893,0.19993376161409487,0.17095946978348522,"CenterPoint Energy, Inc (Holdin",Utilities
COF,1.3399733190912497,0.06153713732548957,0.34841902074663983,0.22949164953304696,Capital One Financial Corporati,Financial Services
COO,0.8970372737578285,-0.10849176974526166,0.2850721470114505,0.01782773918704288,"The Cooper Companies, Inc.",Healthcare
COP,0.7435303778336125,0.16739755080295915,0.3318544622881833,0.27928775288179325,ConocoPhillips,Energy
COR,0.285996929092861,0.21415427659218633,0.20383529097536016,0.283037351936687,"Cencora, Inc.",Healthcare
COST,0.7737310779953083,0.11950579516114498,0.2250837447380912,0.23423479589589027,Costco Wholesale Corporation,Consumer Defensive
CPAY,1.1781906134715865,-0.06011939245412831,0.3046972033418573,0.09262790519205025,"Corpay, Inc.",Technology
CPB,0.14337715464065448,-0.10104971894297661,0.23106492084254682,-0.04557258524398736,The Campbell's Company,Consumer Defensive
CPRT,0.9899470730096088,-0.02548842497750016,0.258031510159067,0.10956439847482517,"Copart, Inc.",Industrials
CPT,0.6510346946236034,-0.0362872824152629,0.22649122628876653,0.06690853113057975,Camden Property Trust,Real Estate
CRL,1.2587807036168643,-0.12245033719415777,0.40798068496144874,0.03787224971217981,Charles River Laboratories Inte,Healthcare
CRM,1.31542192618271,-0.1143004768445312,0.3554575329345521,0.05134625902617462,"Salesforce, Inc.",Technology
CRWD,1.6262588190950455,0.07473898796411518,0.5012564412658067,0.2696037005400869,"CrowdStrike Holdings, Inc.",Technology
CSCO,0.8367456066435465,0.04292863971635055,0.22517308237917316,0.16358086601446806,"Cisco Systems, Inc.",Technology
CSGP,1.0482444789044414,-0.16747020275854405,0.3305362711755678,-0.026937552791889762,"CoStar Group, Inc.",Real Estate
CSX,0.8028919937110256,-0.02462724918407179,0.23129287983831512,0.09284281278089994,CSX Corporation,Industrials
CTAS,0.8757033486350638,0.08159115790260099,0.2262854051126412,0.2059053253150216,Cintas Corporation,Industrials
CTRA,0.6978622282969091,0.08987655353756549,0.34346228397200285,0.1974740511152247,Coterra Energy Inc.,Energy
CTSH,0.9492570256753362,-0.07444764192819553,0.2569353792353037,0.05678040755984932,Cognizant Technology Solutions ,Technology
CTVA,0.6883993653560813,0.05692699219905864,0.27043658584115216,0.16363500170347228,"Corteva, Inc.",Basic Materials
CVS,0.4732021279368364,-0.002149928519919131,0.2924638795628261,0.08433001921537127,CVS Health Corporation,Healthcare
CVX,0.5902347749905679,0.12003401006263471,0.2512864944727078,0.21751476636776212,Chevron Corporation,Energy
CZR,1.9196943185745778,-0.33381924417270964,0.5196134695746027,-0.11137224717752958,"Caesars Entertainment, Inc.",Consumer Cyclical
D,0.3672388913508369,-0.045419997596438735,0.2229999057671549,0.03109964153720353,"Dominion Energy, Inc.",Utilities
DAL,1.400168910094635,0.021814751184760395,0.39907306807289494,0.1954275150857313,"Delta Air Lines, Inc.",Industrials
DAY,1.516763851651546,-0.16442913908119136,0.4166621843764297,0.020143290046270024,"Dayforce, Inc.",Technology
DD,1.0995513623939785,-0.011264139016174984,0.2915003053764462,0.1340912439039961,"DuPont de Nemours, Inc.",Basic Materials
DE,0.7910417647896643,0.05631756303081789,0.2871360587106841,0.17267372982931706,Deere & Company,Industrials
DECK,1.2913154809932712,0.10737012525475853,0.438207108772301,0.27075090888474873,Deckers Outdoor Corporation,Consumer Cyclical
DELL,1.4393296132587223,0.16204962203008386,0.44509969807193345,0.3393434049442413,Dell Technologies Inc.,Technology
DG,0.3770580369692274,-0.05553022523657833,0.35286972279398054,0.021912391749711112,Dollar General Corporation,Consumer Defensive
DGX,0.37729307487919056,0.033219935054698266,0.21633307112977548,0.11068464508185495,Quest Diagnostics Incorporated,Healthcare
DHI,1.0405968942213262,0.0646246317827314,0.3556570547041975,0.20443842579561117,"D.R. Horton, Inc.",Consumer Cyclical
DHR,0.9246056801335609,-0.08210737335070496,0.2766385997828078,0.04680350447523547,Danaher Corporation,Healthcare
DIS,1.0275072082470815,-0.17501198933193504,0.28989693728797855,-0.036428596692236505,Walt Disney Company (The),Communication Services
DLR,0.8824120059766172,-0.02730077314905692,0.28461432084195853,0.09764399313498602,"Digital Realty Trust, Inc.",Real Estate
DLTR,0.6873856158516776,-1.7425078448568554e-05,0.3875734711017512,0.10659529422689273,"Dollar Tree, Inc.",Consumer Defensive
DOC,0.6896420880432036,-0.13558893893481386,0.24812872552797366,-0.028764116261335106,"Healthpeak Properties, Inc.",Real Estate
DOV,1.009119614212822,0.013161293970465393,0.24278904592497785,0.15001629366064878,Dover Corporation,Industrials
DOW,0.9782212901234353,-0.15852962162269474,0.31860940456394743,-0.024578995686273176,Dow Inc.,Basic Materials
DPZ,0.6855617327588626,-0.031486384759225536,0.29131387512022233,0.07495489359128026,Domino's Pizza Inc,Consumer Cyclical
DRI,0.8026882611971978,0.055087679460477684,0.2744259852099987,0.17253859102220304,"Darden Restaurants, Inc.",Consumer Cyclical
DTE,0.3779958651753955,0.0285807640639123,0.1872719909472313,0.10611153481607113,DTE Energy Company,Utilities
DUK,0.24303752052234515,0.04300366108877331,0.17748664935630126,0.10784864755931482,Duke Energy Corporation (Holdin,Utilities
DVA,0.5126387542811275,-0.04602127768394807,0.3417786579356597,0.044165625229879456,DaVita Inc.,Healthcare
DVN,1.0562733209849173,0.1754437158401956,0.42377253661789044,0.31673105910814914,Devon Energy Corporation,Energy
DXCM,1.150824117923262,-0.08899492557188848,0.4670723063397845,0.06117998234942812,"DexCom, Inc.",Healthcare
EA,0.5133020827236966,0.012516202277018898,0.24578048202246974,0.10276545658936072,Electronic Arts Inc.,Communication Services
EBAY,0.9517428925406538,0.028180398318120914,0.32582638161251914,0.15964211376351956,eBay Inc.,Consumer Cyclical
ECL,0.8708789103067898,-0.024615221592922648,0.23599420262720575,0.09924545934506179,Ecolab Inc.,Basic Materials
ED,0.18358230888043786,0.07593732302162076,0.18582224640467418,0.13519365181229726,"Consolidated Edison, Inc.",Utilities
EFX,1.1386629325208213,-0.066930119781901,0.3256716305235963,0.08210166375521602,"Equifax, Inc.",Industrials
EG,0.5726648194562779,0.04679476134876989,0.25846521113666265,0.14262398090514264,"Everest Group, Ltd.",Financial Services
EIX,0.5818584878734077,-0.0038746430462114623,0.250174607747927,0.09281876089680484,Edison International,Utilities
EL,1.2748236251081482,-0.21014084504802474,0.4090224858813048,-0.04831025919720879,"Estee Lauder Companies, Inc. (T",Consumer Defensive
ELV,0.4382632541864292,0.004028152003023755,0.2814753727850364,0.0872239233016531,"Elevance Health, Inc.",Healthcare
EMN,1.1188346999153091,-0.13511664308028415,0.3157129422914054,0.01205133068526294,Eastman Chemical Company,Basic Materials
EMR,1.040170355222949,0.034014957632849535,0.25861697572685527,0.17378865792840476,Emerson Electric Company,Industrials
ENPH,1.5185932235328596,-0.28466289657662835,0.6651832110718117,-0.09991851056041837,"Enphase Energy, Inc.",Technology
EOG,0.7077544657801481,0.1560164526834879,0.34449266296644737,0.26454379858655086,"EOG Resources, Inc.",Energy
EPAM,1.4554092908993985,-0.1372860248748137,0.5260346773376192,0.04151921198012796,"EPAM Systems, Inc.",Technology
EQIX,0.8647594748574304,-0.04974850999777321,0.27586698272477944,0.07353695761616354,"Equinix, Inc.",Real Estate
EQR,0.7129214304811489,-0.04535088302768489,0.22448938245086617,0.06366214606715204,Equity Residential,Real Estate
EQT,0.9307392169505251,0.22634284531784432,0.44476751852695945,0.35583026196502915,EQT Corporation,Energy
ERIE,0.5304861637349002,-0.005433779165237573,0.28349089492063584,0.08643074054878341,Erie Indemnity Company,Financial Services
ES,0.42394145846204534,-0.06319118486128357,0.23662159573649108,0.018658369487575155,Eversource Energy (D/B/A),Utilities
ESS,0.7391280951743316,-0.0395867467910854,0.23971191010415058,0.07188965050742252,"Essex Property Trust, Inc.",Real Estate
ETN,1.1499899568731229,0.11985863531584515,0.28603065998225635,0.26995513395342763,"Eaton Corporation, PLC",Industrials
ETR,0.4674299271007399,0.11571955375587606,0.2221775349373482,0.20165692744859698,Entergy Corporation,Utilities
EVRG,0.37396792572521714,0.052102814866328756,0.1894430538226685,0.12925496826736535,"Evergy, Inc.",Utilities
EW,0.8648657307825643,-0.06968040206607015,0.32220483377165154,0.05361505336854089,Edwards Lifesciences Corporatio,Healthcare
EXC,0.3678196647474397,0.05975321931749508,0.20401558592055238,0.13632744985891393,Exelon Corporation,Utilities
EXPD,0.809994893636246,0.0401171038255313,0.25368563716205783,0.15825482258828685,Expeditors International of Was,Industrials
EXPE,1.3986730370929212,0.07170363894516749,0.4413784474348326,0.24517579411044874,"Expedia Group, Inc.",Consumer Cyclical
EXR,0.7643697641366186,-0.002810743372232749,0.2794670340273469,0.11103831467716657,Extra Space Storage Inc,Real Estate
F,1.229589474109383,0.024152241390527435,0.3908950830338459,0.1817309176376235,Ford Motor Company,Consumer Cyclical
FANG,0.9198452418933223,0.20084783229785017,0.3976004491285494,0.32931123951530855,"Diamondback Energy, Inc.",Energy
FAST,0.827401994776726,0.05869371033273682,0.2377789055596891,0.17846765789337896,Fastenal Company,Industrials
FCX,1.4711349738419897,0.0860539552776127,0.4493751563942353,0.2663373713589199,"Freeport-McMoRan, Inc.",Basic Materials
FDS,0.7204690291181206,-0.11057251800464736,0.24691951177334565,-0.0008500314220278193,FactSet Research Systems Inc.,Financial Services
FDX,0.9786234416174568,-0.002103829609867547,0.3234732908026372,0.13188459767270125,FedEx Corporation,Industrials
FE,0.3625731900282394,0.06810658798916737,0.19632500286289342,0.14418766157391313,FirstEnergy Corp.,Utilities
FFIV,1.091578365829347,-0.03337720999948414,0.29443392082782494,0.11122872897368973,"F5, Inc.",Technology
FICO,1.1703749439587965,0.15399829783632837,0.38095298456329213,0.3060109399285243,Fair Isaac Corporation,Technology
FIS,0.8978406631397459,-0.21987545558711652,0.32248464939801347,-0.0934804298394617,Fidelity National Information S,Technology
FITB,1.1164287799981418,0.04757033628783336,0.3187510452034624,0.19451215893136947,Fifth Third Bancorp,Financial Services
FMC,0.8575816192623426,-0.3679860412752208,0.44010155566930004,-0.2453752761253515,FMC Corporation,Basic Materials
FOX,0.7112869246237796,0.09278804568610396,0.26637074333647476,0.20164743486510664,Fox Corporation,Communication Services
FOXA,0.6902455349024583,0.1089385455858087,0.2746352846454042,0.21582009092213283,Fox Corporation,Communication Services
FRT,0.8119510087032558,-0.01808189531060847,0.2389275910569417,0.10023969391850396,Federal Realty Investment Trust,Real Estate
FSLR,1.0910865200614308,0.16088643493693014,0.5328180759286485,0.30544614150166977,"First Solar, Inc.",Technology
FTNT,1.3719293749081771,0.1226653158354662,0.42475425752061263,0.2936236262270264,"Fortinet, Inc.",Technology
FTV,0.9974155276082033,-0.09143411611252794,0.24450835418339145,0.04432072546397037,Fortive Corporation,Technology
GD,0.5824294338548999,0.11799139198988268,0.1986672224424218,0.21473846358550902,General Dynamics Corporation,Industrials
GDDY,0.9761012566166651,-0.04178708096511788,0.3111838424595038,0.09196426653612558,GoDaddy Inc.,Technology
GE,1.0616533314120975,0.25957758689351795,0.30761711511728307,0.40137063917774246,GE Aerospace,Industrials
GEHC,1.1628034341881852,-0.08050271961637043,0.31906156757275955,0.14114187023359462,GE HealthCare Technologies Inc.,Healthcare
GEN,0.7632596881345582,-0.024965432931977977,0.30216000117862113,0.08877928044177685,Gen Digital Inc.,Technology
GILD,0.4191381971169391,0.14072948524020687,0.23648164500287988,0.22212754370395457,"Gilead Sciences, Inc.",Healthcare
GIS,0.12049720988199338,-0.04030309039865076,0.2051704382961769,0.013023379372666089,"General Mills, Inc.",Consumer Defensive
GL,0.6835204691253348,0.06816895126208383,0.3573432644013343,0.17441835537033054,Globe Life Inc.,Financial Services
GLW,1.0700263299914445,0.1402207530528368,0.2977922620215383,0.28280084858393095,Corning Incorporated,Technology
GM,1.1817769058109027,0.01939499095507302,0.3682032853436001,0.17247939210607258,General Motors Company,Consumer Cyclical
GNRC,1.6632231156107968,-0.1510462406280722,0.5140572626458237,0.04729303362043678,Generac Holdlings Inc.,Industrials
GOOG,1.2539428751048807,0.14273658380872303,0.30679096503279984,0.3026044255931324,Alphabet Inc.,Communication Services
GOOGL,1.2578659692524892,0.1434079921432429,0.308367454769782,0.3036445960534843,Alphabet Inc.,Communication Services
GPC,0.7193273517413762,0.028455155791259207,0.2572888450140073,0.13807032723928803,Genuine Parts Company,Consumer Cyclical
GPN,1.1904447730527477,-0.27150806023984836,0.3467435918172157,-0.11760889884342327,Global Payments Inc.,Industrials
GRMN,1.008741877852307,0.0359086669085093,0.2945135012978515,0.1727281602208015,Garmin Ltd.,Technology
GS,1.1047276197314264,0.16000989225694523,0.2723205202100219,0.3058518318560517,"Goldman Sachs Group, Inc. (The)",Financial Services
GWW,0.7848595087436332,0.13892758715550857,0.24370487630429077,0.2547026356335712,"W.W. Grainger, Inc.",Industrials
HAL,0.9929878133495638,0.09216900227243369,0.40881905121060513,0.22750764855482,Halliburton Company,Energy
HAS,0.9233124222828851,-0.05087374001684812,0.3187663676233488,0.07791557444703152,"Hasbro, Inc.",Consumer Cyclical
HBAN,1.0896847941483245,0.0061385881446420765,0.316271659471742,0.15056653559066005,Huntington Bancshares Incorpora,Financial Services
HCA,0.7174744878983629,0.15762846157116583,0.2934491146852598,0.2670694679382869,"HCA Healthcare, Inc.",Healthcare
HD,0.8411788454079829,-0.0032819615972055766,0.23641269571813994,0.11778697928628361,"Home Depot, Inc. (The)",Consumer Cyclical
HIG,0.6362746408560037,0.1522644622711057,0.23720437828377533,0.25407286358569875,Hartford Financial Services Gro,Financial Services
HII,0.5917872876742836,0.1668367630414941,0.29658042286149217,0.264463452086466,"Huntington Ingalls Industries, ",Industrials
HLT,1.033468011382095,0.1150637201222203,0.27119133306909593,0.25420741500117916,Hilton Worldwide Holdings Inc.,Consumer Cyclical
HOLX,0.5145164308189109,-0.08187133993177027,0.23989714559458108,0.008492060401095758,"Hologic, Inc.",Healthcare
HON,0.7893812655330729,-0.030928681832568278,0.21326023596959762,0.08527140172837297,Honeywell International Inc.,Industrials
HPE,1.2466612424434198,0.043941065290889536,0.3546407320845654,0.20312444979776823,Hewlett Packard Enterprise Comp,Technology
HPQ,1.1756890453204598,-0.1062920996852576,0.341789721685545,0.046220056117617085,HP Inc.,Technology
HRL,0.17218223325888196,-0.12917826849117708,0.2317568389528651,-0.07099352145782702,Hormel Foods Corporation,Consumer Defensive
HSIC,0.6245574888037718,-0.045199984020435346,0.25737666257660313,0.05550703105745147,"Henry Schein, Inc.",Healthcare
HST,1.1085169905969703,0.00034496162211511416,0.3074440855198601,0.14654309365590884,"Host Hotels & Resorts, Inc.",Real Estate
HSY,0.22734883450272822,0.042468938537203904,0.21559500819120836,0.10583922340986696,The Hershey Company,Consumer Defensive
HUBB,1.026468799961456,0.1431137397277093,0.28505558703441697,0.281599524297736,Hubbell Inc,Industrials
HUM,0.4089768581850844,-0.13906043172085303,0.35596495758800606,-0.05861751652026032,Humana Inc.,Healthcare
HWM,1.1531963345286367,0.3255628408573361,0.31610799086738617,0.47596073186430343,Howmet Aerospace Inc.,Industrials
IBM,0.6166176424506851,0.1647976716099796,0.23482883610615218,0.26475835878703613,International Business Machines,Technology
ICE,0.6822350729279714,0.012566806786081061,0.20229583453517447,0.11869538651019589,Intercontinental Exchange Inc.,Financial Services
IDXX,1.1969737117046126,-0.03238777101192686,0.35186264665335076,0.12212509609894218,"IDEXX Laboratories, Inc.",Healthcare
IEX,0.8469871259456146,-0.07191030772938783,0.23508996748127495,0.049704598608382326,IDEX Corporation,Industrials
IFF,0.8415479072725105,-0.17280500446762098,0.2996573816966725,-0.05170137258957341,International Flavors & Fragran,Basic Materials
INCY,0.554429297482295,-0.032604635086125856,0.29118243613127026,0.061510485956225054,Incyte Corporation,Healthcare
INTC,1.4366528859519665,-0.08342440240338714,0.4754283237894826,0.09361777409635028,Intel Corporation,Technology
INTU,1.3983356390782868,-0.05074010118199351,0.34224671611204516,0.1227003393202063,Intuit Inc.,Technology
INVH,0.7049692971659836,-0.07707673978434959,0.22932284407194362,0.03118880646254498,Invitation Homes Inc.,Real Estate
IP,0.806750001125016,-0.058414412319957705,0.3078751246460969,0.05941829376262366,International Paper Company,Consumer Cyclical
IQV,1.125832655586826,-0.051521903351564896,0.31038166038025344,0.09630386268528934,"IQVIA Holdings, Inc.",Healthcare
IR,1.18088842270133,0.031889854835982195,0.29319731874668015,0.1848907405504604,Ingersoll Rand Inc.,Industrials
IRM,0.9297519845527312,0.15793347069093622,0.28994385183101506,0.2873280896881022,Iron Mountain Incorporated (Del,Real Estate
ISRG,1.2963686684340165,0.03181703599317018,0.33048265955706185,0.19567280800548434,"Intuitive Surgical, Inc.",Healthcare
IT,1.0535601000629247,-0.025423649840911694,0.32430851713849596,0.11560865669394277,"Gartner, Inc.",Technology
ITW,0.8074722403210635,-0.014800944980820616,0.20649253494595235,0.10309964998009828,Illinois Tool Works Inc.,Industrials
IVZ,1.4923623814909242,-0.0253307350348706,0.366233732440172,0.15694801016065044,Invesco Ltd,Financial Services
J,0.9059242135803217,0.006199522269956126,0.24541203821078497,0.133354383783101,Jacobs Solutions Inc.,Industrials
JBHT,0.9539682699855262,0.003953139466277317,0.31122571209976674,0.1356240354427754,"J.B. Hunt Transport Services, I",Industrials
JBL,1.3327915058101572,0.24651252823766828,0.36434825613099336,0.4137919659674747,Jabil Inc.,Technology
JCI,1.0528155867882005,0.08628694741426765,0.2749504294960797,0.22724927135692133,Johnson Controls International ,Industrials
JKHY,0.5674679817182023,-0.018753649326377186,0.22951413376505503,0.07658707903916719,"Jack Henry & Associates, Inc.",Technology
JNJ,0.2076674644352161,0.04752842260285821,0.16629638723938897,0.10904870245593541,Johnson & Johnson,Healthcare
JPM,0.8974231061419521,0.10010649553720213,0.2420294830093791,0.22646227185561338,JP Morgan Chase & Co.,Financial Services
K,0.0916864888958313,0.08863311074303176,0.1915349542737288,0.1394429407106921,Kellanova,Consumer Defensive
KDP,0.34581438201691694,-0.05893350340602048,0.2034985702198457,0.015572279493327333,Keurig Dr Pepper Inc.,Consumer Defensive
KEY,1.2435488722852721,0.008861327541276137,0.38238248967313493,0.16775215617447167,KeyCorp,Financial Services
KEYS,1.2520777506765195,-0.030931473779000795,0.3018251947772987,0.12876105045674277,Keysight Technologies Inc.,Technology
KHC,0.268920528622144,-0.06329400252302698,0.2224769121564675,0.0039839291511439175,The Kraft Heinz Company,Consumer Defensive
KIM,0.8985133962036496,0.0019393146529236849,0.2637144753709648,0.1283975758125846,Kimco Realty Corporation (HC),Real Estate
KKR,1.6579535126291722,0.09065671999802316,0.3790286027597148,0.28850066328462304,KKR & Co. Inc.,Financial Services
KLAC,1.7992309745608968,0.20949889100940805,0.4299020022325106,0.42062260154958286,KLA Corporation,Technology
KMB,0.20459029390436428,-0.06272744853747234,0.19539695875980018,-0.0014964158713882015,Kimberly-Clark Corporation,Consumer Defensive
KMI,0.6183129842437602,0.13632248098628988,0.22914900093603235,0.23644252652185213,"Kinder Morgan, Inc.",Energy
KMX,1.317683707621004,-0.2636167855310495,0.4282204772105644,-0.09775744723481655,CarMax Inc,Consumer Cyclical
KO,0.31335448924292963,0.05781419985759828,0.1574149313373186,0.12926882501939507,Coca-Cola Company (The),Consumer Defensive
KR,0.17396535171104693,0.12238242263431853,0.26460956488159926,0.18073477883693403,Kroger Company (The),Consumer Defensive
KVUE,0.3036859786580322,-0.17203036228771879,0.2942045430588671,-0.07999333101905573,Kenvue Inc.,Consumer Defensive
L,0.6609373949626167,0.08592690659775892,0.19779662940291035,0.19005355195418117,Loews Corporation,Financial Services
LDOS,0.5105984243137691,0.07314612517261809,0.2566822177736682,0.16314124160673021,"Leidos Holdings, Inc.",Technology
LEN,1.088718744921308,-0.010039919946266213,0.3519697634839749,0.13429722102067956,Lennar Corporation,Consumer Cyclical
LH,0.6255078894888603,-0.004911095282554873,0.23230774651055755,0.0958852553462616,Labcorp Holdings Inc.,Healthcare
LHX,0.4451289657214906,0.09977780003048684,0.23312318691403666,0.18361893294567652,"L3Harris Technologies, Inc.",Industrials
LIN,0.7678412738080544,0.04135272485465771,0.20706916705833472,0.15552809709334706,Linde plc,Basic Materials
LKQ,0.8778237066875081,-0.07734056750909016,0.29208732161414813,0.047172908845080186,LKQ Corporation,Consumer Cyclical
LLY,0.5939984588449468,0.28825945444866063,0.3148802767869942,0.3860939886665477,Eli Lilly and Company,Healthcare
LMT,0.25654850665704,0.12063566435228507,0.22232828908318544,0.18675065347421718,Lockheed Martin Corporation,Industrials
LNT,0.37499194093826627,0.03419987991055137,0.19732655676093702,0.11144828846444443,Alliant Energy Corporation,Utilities
LOW,0.8730561481250624,0.026138605081734184,0.25823813242178273,0.15020394153296895,"Lowe's Companies, Inc.",Consumer Cyclical
LRCX,1.9072973528773751,0.20049313748554246,0.4544831957563483,0.42177484727313547,Lam Research Corporation,Technology
LULU,1.296158506720444,-0.20741071077697854,0.41175246162980783,-0.043574693498389716,lululemon athletica inc.,Consumer Cyclical
LUV,1.0686850651166555,-0.04752046039172221,0.37105895685250323,0.09493355922380091,Southwest Airlines Company,Industrials
LVS,1.1002456660439053,-0.03811997118889364,0.4099353686444208,0.10730067473040177,Las Vegas Sands Corp.,Consumer Cyclical
LW,0.6579203767317023,-0.11214961384903713,0.3712860722192662,-0.008306561497178478,"Lamb Weston Holdings, Inc.",Consumer Defensive
LYB,0.9265016013083587,-0.12716698006066857,0.30951325374270283,0.0019221101396179384,LyondellBasell Industries NV,Basic Materials
LYV,1.1317685860765363,0.06719236655082836,0.3531522872568349,0.21557609685359536,"Live Nation Entertainment, Inc.",Communication Services
MA,0.9598023870277183,0.0054496428576865374,0.23966031591565345,0.13766893286243995,Mastercard Incorporated,Financial Services
MAA,0.6484000920491877,-0.04439077249217119,0.22024357475313577,0.05855739427041584,Mid-America Apartment Communiti,Real Estate
MAR,1.0963941887016946,0.101085183408473,0.28943617759741164,0.2461437990223847,Marriott International,Consumer Cyclical
MAS,1.0320942366601573,-0.04440776740340813,0.2857289421154339,0.09460679570664202,Masco Corporation,Industrials
MCD,0.40990479742633734,0.03989604713499907,0.17030445799688235,0.1204261865607499,McDonald's Corporation,Consumer Cyclical
MCHP,1.8296495506325348,-0.08551915173368102,0.43860366211864454,0.12846383731343453,Microchip Technology Incorporat,Technology
MCK,0.30222925872326084,0.2680608650181555,0.22798563771056735,0.3384697432510121,McKesson Corporation,Healthcare
MCO,1.0902418221685959,0.024666508169774976,0.2528298298003813,0.1691468150109985,Moody's Corporation,Financial Services
MDLZ,0.36028690522586687,-0.021452950622299016,0.1891174287850365,0.054413217275186,"Mondelez International, Inc.",Consumer Defensive
MDT,0.5711197409869151,-0.05958202897247387,0.21417942505751222,0.03610195664367164,Medtronic plc.,Healthcare
MET,0.9244072134141034,0.03237235993581769,0.25658635378739564,0.16126458233147264,"MetLife, Inc.",Financial Services
META,1.608714217104594,0.10502521986410213,0.43499125296491026,0.29824077886805966,"Meta Platforms, Inc.",Communication Services
MGM,1.4189217402370677,-0.06964739359220146,0.3966634670689022,0.10572809464025329,MGM Resorts International,Consumer Cyclical
MHK,1.2518058045242018,-0.12644912042668088,0.38865645862129816,0.0332178414754894,"Mohawk Industries, Inc.",Consumer Cyclical
MKC,0.3530087204644403,-0.10137547954686142,0.22951517240009287,-0.02619344483197117,"McCormick & Company, Incorporat",Consumer Defensive
MKTX,0.5896691141934102,-0.2722894881438736,0.3339232973449024,-0.1748619026957818,"MarketAxess Holdings, Inc.",Financial Services
MLM,0.9848198467570515,0.06431650392008126,0.2632872183108781,0.19888737950641727,"Martin Marietta Materials, Inc.",Basic Materials
MMC,0.633615671011147,0.0393864984547523,0.19246381951838465,0.14094496251685537,"Marsh & McLennan Companies, Inc",Financial Services
MMM,0.8427883728826712,-0.03736914583444109,0.27628606791838084,0.08385108705245642,3M Company,Industrials
MNST,0.6140945177329483,0.04927059558063912,0.23682328670710928,0.14899411464506718,Monster Beverage Corporation,Consumer Defensive
MO,0.25707667988795974,0.11697072537140138,0.20570564500696373,0.18313536160250632,"Altria Group, Inc.",Consumer Defensive
MOH,0.45278264352350134,-0.05160225075098877,0.3651538690919811,0.032958310857601966,Molina Healthcare Inc,Healthcare
MOS,0.916068378639145,-0.016402803650917577,0.413662063914829,0.111705586819508,Mosaic Company (The),Basic Materials
MPC,0.8026493868591354,0.24143307849059326,0.3235534960186539,0.35888033595098817,Marathon Petroleum Corporation,Energy
MPWR,2.1468117748106463,0.12553981760893757,0.5273948632884627,0.36933535043424576,"Monolithic Power Systems, Inc.",Technology
MRK,0.28180054354884243,0.07009490546877921,0.230026839662991,0.13858352990392134,"Merck & Company, Inc.",Healthcare
MRNA,1.3173838086420142,-0.19790047485267845,0.6682396562948821,-0.03206932639356541,"Moderna, Inc.",Healthcare
MS,1.1505838443772292,0.12038936668144556,0.28218827887565784,0.27054168942374723,Morgan Stanley,Financial Services
MSCI,1.1460285839161481,-0.017437303899460077,0.3021351253343417,0.132286834489333,MSCI Inc.,Financial Services
MSFT,1.1521878443961482,0.008708683104208081,0.25959162744044784,0.15901177828136753,Microsoft Corporation,Technology
MSI,0.7841119547646647,0.08835701949068347,0.22263685885408854,0.20406179955710813,"Motorola Solutions, Inc.",Technology
MTB,0.9354429201371669,0.05091760256432423,0.3060649550907338,0.18084715685111846,M&T Bank Corporation,Financial Services
MTCH,1.3502787615563823,-0.37058535871526027,0.44896187532311305,-0.20166215783287234,"Match Group, Inc.",Communication Services
MTD,1.140468843073416,-0.07127372879893311,0.3098613970831799,0.07792780631420544,"Mettler-Toledo International, I",Healthcare
MU,1.7827354570488494,0.24348622838811773,0.4901811968425284,0.45305939696433,"Micron Technology, Inc.",Technology
NCLH,1.8478710649134256,-0.05561776804685517,0.5726694324740988,0.16007800282228138,Norwegian Cruise Line Holdings ,Consumer Cyclical
NDAQ,0.8646981664285915,0.06492879663155787,0.229490886836876,0.18820850138951936,"Nasdaq, Inc.",Financial Services
NDSN,0.9714455528317585,-0.00984650233556339,0.24683049450471506,0.12346721936309432,Nordson Corporation,Industrials
NEE,0.5802325819322582,-0.020588733316064242,0.2667491890182982,0.07595183908411826,"NextEra Energy, Inc.",Utilities
NEM,0.496348832725031,0.13352181977099037,0.3588203480121656,0.22217750628351746,Newmont Corporation,Basic Materials
NFLX,1.261733053713272,0.020766389399846263,0.4238586906625373,0.1813664906499106,"Netflix, Inc.",Communication Services
NI,0.46504719391736604,0.10617302697217479,0.1993774765786037,0.19188642904429945,NiSource Inc,Utilities
NKE,1.0956738427723955,-0.2268768434516546,0.3481694043707856,-0.08188593875321626,"Nike, Inc.",Consumer Cyclical
NOC,0.23800356140077983,0.1548227421439839,0.24552539399314247,0.21919454765144505,Northrop Grumman Corporation,Industrials
NOW,1.5255215326292848,-0.09454113473520144,0.404103172099246,0.09085449692913476,"ServiceNow, Inc.",Technology
NRG,1.1090508327671684,0.21713792473263024,0.3969516009525001,0.3633862367432826,"NRG Energy, Inc.",Utilities
NSC,0.8237764785668158,-0.029258168229865517,0.24793645469581088,0.0901749888693445,Norfolk Southern Corporation,Industrials
NTAP,1.1529036969541027,0.00021878559248891816,0.32095973085781926,0.15058916931820754,"NetApp, Inc.",Technology
NTRS,1.089787907391542,0.02897648425839705,0.292458616559377,0.17341412411997773,Northern Trust Corporation,Financial Services
NUE,1.1700383247018316,0.19523194367792857,0.38492153104951354,0.3472129443085322,Nucor Corporation,Basic Materials
NVDA,2.1755682220917825,0.4219427522045932,0.5192650709484482,0.6684413271267203,NVIDIA Corporation,Technology
NVR,0.879352203597672,0.017138792052657698,0.27364306300381974,0.1417959437173641,"NVR, Inc.",Consumer Cyclical
NWS,0.9878920508418216,0.01363047701754605,0.27882194669909827,0.14849013295598767,News Corporation,Communication Services
NWSA,0.9892619634251557,-0.021677667791475133,0.27434422985925266,0.11331075688343496,News Corporation,Communication Services
NXPI,1.6804843201425521,-0.04816733381151983,0.3988461187077845,0.1517944552780955,NXP Semiconductors N.V.,Technology
O,0.44548186167050535,-0.00593794067249688,0.1885567283583868,0.07793636367714221,Realty Income Corporation,Real Estate
ODFL,1.1975662596663132,0.021676352985141922,0.348226648850158,0.17624491828672284,"Old Dominion Freight Line, Inc.",Industrials
OKE,0.9237911708678462,0.10162933618012235,0.28215274264488027,0.23046365194636356,"ONEOK, Inc.",Energy
OMC,0.7911782131146672,-0.004143196272003685,0.27034120263587097,0.11222579636561661,Omnicom Group Inc.,Communication Services
ON,1.9913325139702054,0.004207704251871391,0.5207594811882442,0.23338853230766193,ON Semiconductor Corporation,Technology
ORCL,1.1231251339449084,0.13667820388702265,0.39044217525228514,0.284249468910431,Oracle Corporation,Technology
ORLY,0.44396867392311473,0.18434053180165516,0.219742375152653,0.2680725998680149,"O'Reilly Automotive, Inc.",Consumer Cyclical
OTIS,0.7283597475840318,-0.015309919184456205,0.21852096527390544,0.09515427738684806,Otis Worldwide Corporation,Industrials
OXY,0.8509682419066573,0.13405835505125424,0.41170017928739555,0.25604747743629236,Occidental Petroleum Corporatio,Energy
PANW,1.2011137395060896,0.14240824046701697,0.40156868160998316,0.29731026098477203,"Palo Alto Networks, Inc.",Technology
PAYC,1.3907432470065368,-0.2822830883251765,0.44017518090865737,-0.10955631579401832,"Paycom Software, Inc.",Technology
PAYX,0.8238709266474257,-0.03573659561118368,0.2277177489048617,0.08370543939757326,"Paychex, Inc.",Technology
PCAR,0.8303862334474582,0.09027694203394274,0.2541012546456976,0.2103314013933854,PACCAR Inc.,Industrials
PCG,0.6850690912727526,-0.005116117273349777,0.282840382520718,0.10127885387298104,Pacific Gas & Electric Co.,Utilities
PEG,0.5206273808967301,0.03625068794558381,0.20269942764047888,0.12718850399644224,Public Service Enterprise Group,Utilities
PEP,0.3280450787027874,-0.003053828699305511,0.17887992313079482,0.06978167920328551,"Pepsico, Inc.",Consumer Defensive
PFE,0.40772192297568055,-0.05951109630818831,0.25163959052258744,0.02081385777340261,"Pfizer, Inc.",Healthcare
PFG,1.0379266835033327,0.06018688579215334,0.26957275356512067,0.19974968593546535,Principal Financial Group Inc,Financial Services
PG,0.30606501454626994,0.0019427052480166518,0.17249120250251765,0.07271213599841295,Procter & Gamble Company (The),Consumer Defensive
PGR,0.41790493070771184,0.1473212475066999,0.2436923428164965,0.22860338167047606,Progressive Corporation (The),Financial Services
PH,1.1935104985366718,0.14885753162354115,0.28225696316111726,0.3030448643979992,Parker-Hannifin Corporation,Industrials
PHM,1.136293014294007,0.12710921931487335,0.3487956741506708,0.27591823580881325,"PulteGroup, Inc.",Consumer Cyclical
PKG,0.7278287235561641,0.05016094681218897,0.24585204113103448,0.16057522830574683,Packaging Corporation of Americ,Consumer Cyclical
PLD,0.9471063846173666,-0.02524759845099575,0.26791576252810334,0.10577829556012228,"Prologis, Inc.",Real Estate
PLTR,2.0942182933285496,0.2699274944015372,0.6638411320066469,0.5087793569231208,Palantir Technologies Inc.,Technology
PM,0.327668145362688,0.16268527281317863,0.21502359080922398,0.23548534982001182,Philip Morris International Inc,Consumer Defensive
PNC,0.9853125113639468,0.024025827942136535,0.27298875317724747,0.15864301290594995,"PNC Financial Services Group, I",Financial Services
PNR,1.1205521668538794,0.03639108388163795,0.27907405710903727,0.18372049572016616,Pentair plc.,Industrials
PNW,0.3579062306271022,0.02892832551956788,0.20645028308231597,0.10457071529883209,Pinnacle West Capital Corporati,Utilities
PODD,1.1287067613501016,-0.06626737056310936,0.42306585921526846,0.08182855502415429,Insulet Corporation,Healthcare
POOL,1.0488706121454041,-0.14430313557277846,0.3297286796895654,-0.0037116304738474158,Pool Corporation,Industrials
PPG,0.9911325843374648,-0.11633136879360452,0.26640017957506806,0.018832890087239585,"PPG Industries, Inc.",Basic Materials
PPL,0.4171339324240463,0.02677512331267598,0.18670213845952152,0.1079847853523073,PPL Corporation,Utilities
PRU,0.9874959993048421,0.015014581683472805,0.2569186835290991,0.14983700965816427,"Prudential Financial, Inc.",Financial Services
PSA,0.5885555853024036,0.007176227844025704,0.23333793796658298,0.1044991440525905,Public Storage,Real Estate
PSX,0.7838477087940549,0.1298657166089734,0.33144532515337594,0.24554565814178192,Phillips 66,Energy
PTC,1.1250688776736164,-0.07459882237602555,0.30803862650133373,0.07315515023545027,PTC Inc.,Technology
PWR,1.1842752033151887,0.2823121362393648,0.3427807512368725,0.43563137180013833,"Quanta Services, Inc.",Industrials
PYPL,1.4720934287675804,-0.3970727680422028,0.41455353748106655,-0.21669925932926948,"PayPal Holdings, Inc.",Financial Services
QCOM,1.5716186237313936,-0.10881481954985645,0.3800525153705009,0.08091383616893713,QUALCOMM Incorporated,Technology
QRVO,1.625886318629187,-0.27394259904233165,0.4238260599873352,-0.07911290068179674,"Qorvo, Inc.",Technology
RCL,1.613174188985812,0.24549967268364573,0.48337727060821023,0.43913445912650423,Royal Caribbean Cruises Ltd.,Consumer Cyclical
REG,0.7610574548954289,0.040640931586362866,0.22856942144339393,0.1541786399328908,Regency Centers Corporation,Real Estate
REGN,0.5993764540198073,0.02393550047464557,0.3014684709439955,0.12227555427956709,"Regeneron Pharmaceuticals, Inc.",Healthcare
RF,1.104518072757912,0.044873137931267376,0.3190098278930961,0.1906953805808469,Regions Financial Corporation,Financial Services
RJF,1.0498125550201804,0.0888732917388027,0.2751784780879716,0.22955333737330222,"Raymond James Financial, Inc.",Financial Services
RL,1.2763168451760483,0.1716751802046927,0.36237923395448474,0.33364612542131933,Ralph Lauren Corporation,Consumer Cyclical
RMD,0.8176147462029179,-0.013847666575456344,0.30886412009262176,0.10500630138379781,ResMed Inc.,Healthcare
ROK,1.1629609317888736,0.019672785107150564,0.3068279791505239,0.17098852654240146,"Rockwell Automation, Inc.",Industrials
ROL,0.530316440481453,0.061528586546411745,0.24048320307671128,0.1533771526520335,"Rollins, Inc.",Consumer Cyclical
ROP,0.7379878330431597,-0.09519241065665683,0.20386737138902736,0.016176804537197012,"Roper Technologies, Inc.",Technology
ROST,0.950864119805778,0.02780956774061144,0.2959963740222727,0.15918868050311663,"Ross Stores, Inc.",Consumer Cyclical
RSG,0.43872478956480354,0.11778602508465649,0.17757946374571706,0.20102517968250638,"Republic Services, Inc.",Industrials
RTX,0.6243369132946961,0.17010866793550458,0.23618425081243055,0.2707949494060466,RTX Corporation,Industrials
RVTY,1.0322812504256749,-0.14849749450502364,0.33134044588215517,-0.009465352516889713,"Revvity, Inc.",Healthcare
SBAC,0.5836200000998262,-0.1282043172519287,0.27276536636544474,-0.031345335076819934,SBA Communications Corporation,Real Estate
SBUX,0.9910565506345588,-0.07906519660270586,0.31034777245770123,0.05609191527914623,Starbucks Corporation,Consumer Cyclical
SCHW,0.9766526772815869,0.06417574210187132,0.32057087018256325,0.19797892191938693,Charles Schwab Corporation (The,Financial Services
SHW,0.8354886557615676,0.005502249783884305,0.2563900282414891,0.12603632549426033,Sherwin-Williams Company (The),Basic Materials
SJM,0.19311452059933412,-0.018971522394176883,0.23158921860110188,0.041180813100668165,The J.M. Smucker Company,Consumer Defensive
SLB,0.8656083593674858,0.12698643882978564,0.381474038925371,0.25035169969994714,Schlumberger N.V.,Energy
SMCI,1.8521909490761144,0.5521494608828714,0.811806152971471,0.7682512912568895,"Super Micro Computer, Inc.",Technology
SNA,0.7926876911843941,0.07451054539357771,0.24066192585092702,0.19102142561302643,Snap-On Incorporated,Industrials
SNPS,1.474428780913213,0.016738424437096028,0.39947865806474314,0.19733145105844224,"Synopsys, Inc.",Technology
SO,0.28579094995919035,0.06821378446175243,0.18267197084031758,0.13707749822573742,Southern Company (The),Utilities
SPG,0.9935772106975758,0.09890754444046271,0.2707548152434679,0.2343015927628804,"Simon Property Group, Inc.",Real Estate
SPGI,0.9100016593843913,0.006337509019819304,0.23070539997710296,0.13387564137126162,S&P Global Inc.,Financial Services
SRE,0.5766527726451903,0.028145720517793904,0.2266015557792309,0.12434979880564997,DBA Sempra,Utilities
STE,0.7582959766836546,-0.0036729504963031595,0.2535552944744574,0.10960518503919918,STERIS plc (Ireland),Healthcare
STLD,1.1594033534276138,0.2651040787625682,0.38135479314491094,0.4160854157430822,"Steel Dynamics, Inc.",Basic Materials
STT,1.1617299252371835,0.05205983133764344,0.30573824577350045,0.2032598608945059,State Street Corporation,Financial Services
STX,1.3429557789425146,0.3156741464470677,0.4241326421625174,0.4839090032483514,Seagate Technology Holdings PLC,Technology
STZ,0.5352753133882667,-0.1094958259122863,0.23649157013448396,-0.01718113678079669,"Constellation Brands, Inc.",Consumer Defensive
SW,0.7060645612876286,0.00933731147313309,0.459323303123534,0.11770581011185126,Smurfit WestRock plc,Consumer Cyclical
SWK,1.2620491156592641,-0.2204047985507803,0.363834574499486,-0.05977498818064051,"Stanley Black & Decker, Inc.",Industrials
SWKS,1.5840177903320714,-0.32584743351697787,0.3967235128840648,-0.13495328371056486,"Skyworks Solutions, Inc.",Technology
SYF,1.3868758204631288,0.06596254903560694,0.36835533161521145,0.23832579207193616,Synchrony Financial,Financial Services
SYK,0.8598820839695664,0.013211412639777376,0.2361088098339149,0.13603841635643063,Stryker Corporation,Healthcare
SYY,0.6130325743699674,-0.015363250832688469,0.23107640151688463,0.08426044791713286,Sysco Corporation,Consumer Defensive
T,0.3163352371284181,0.059467268709785664,0.23625826573018202,0.13120207754433277,AT&T Inc.,Communication Services
TAP,0.4447731290689563,-0.028241848243165064,0.2598154972986011,0.055565836817983834,Molson Coors Beverage Company,Consumer Defensive
TDG,0.9953002778931463,0.12260638256731018,0.2735263538498485,0.2581623953744134,Transdigm Group Incorporated,Industrials
TDY,0.8986437570487038,0.0041862126253875975,0.24133638147457473,0.1306567274145916,Teledyne Technologies Incorpora,Technology
TECH,1.1915454476277885,-0.13738079021184815,0.37235281806656356,0.016621832146988157,Bio-Techne Corp,Healthcare
TEL,1.1910068038699972,0.013051882548149318,0.26517943736401367,0.16700387359157087,TE Connectivity plc,Technology
TER,1.8437720077195012,0.04264188250102857,0.46923255791395463,0.25795235110928,"Teradyne, Inc.",Technology
TFC,1.1179563288098424,-0.03682286600008702,0.31896609689153776,0.11026254283483791,Truist Financial Corporation,Financial Services
TFX,0.8668592031623576,-0.3182005972707957,0.3329825590419792,-0.19471775986550005,Teleflex Incorporated,Healthcare
TGT,0.97519338603773,-0.15360443811627056,0.35050276261747393,-0.019938428430555336,Target Corporation,Consumer Defensive
TJX,0.7241179456724859,0.10015841223632924,0.2258408624164852,0.21022388886072277,"TJX Companies, Inc. (The)",Consumer Cyclical
TMO,0.8662623948070156,-0.06262972230882163,0.2656035435061496,0.060797016438233965,Thermo Fisher Scientific Inc,Healthcare
TMUS,0.503923399560971,0.03122056714493407,0.23599202486354184,0.12058824609597582,"T-Mobile US, Inc.",Communication Services
TPL,1.0298903215778064,0.24589550564427148,0.46508260426556686,0.3847029056375719,Texas Pacific Land Corporation,Energy
TPR,1.2822203343241985,0.2182889519601969,0.3983379977796463,0.3808148120287716,"Tapestry, Inc.",Consumer Cyclical
TRGP,0.9609860087519498,0.3363729082933386,0.3276906542108614,0.4687034561080721,"Targa Resources, Inc.",Energy
TRMB,1.4206999301977383,-0.12232492511031917,0.3275231523078212,0.05321770902416034,Trimble Inc.,Technology
TROW,1.3697447051017415,-0.15896115966776572,0.3041488751836621,0.011791796620183837,"T. Rowe Price Group, Inc.",Financial Services
TRV,0.49538702387229455,0.1001603387258432,0.21991706647303963,0.18872561734505083,"The Travelers Companies, Inc.",Financial Services
TSCO,0.7839430944876299,0.05938139623986413,0.27810254971108717,0.17507030381575325,Tractor Supply Company,Consumer Cyclical
TSLA,2.0448942773684777,0.032111960726589006,0.6026767460661157,0.2663274754329923,"Tesla, Inc.",Consumer Cyclical
TSN,0.3856248892316782,-0.014723955801166033,0.24270228590638443,0.06352392624711956,"Tyson Foods, Inc.",Consumer Defensive
TT,1.0006898625627842,0.12839213809791586,0.26710521925574493,0.26445475987879025,Trane Technologies plc,Industrials
TTWO,0.8153614444578878,-0.049164568254057864,0.31941652206887305,0.06947759435197913,"Take-Two Interactive Software, ",Communication Services
TXN,1.240589850619863,-0.03801224733693767,0.3085088257969075,0.12060043983988097,Texas Instruments Incorporated,Technology
TXT,1.0626852005123093,0.030192424401646573,0.276380878568525,0.17208247008665567,Textron Inc.,Industrials
TYL,1.0622807817547206,-0.12412467860839042,0.3051308398712753,0.017727352612738015,"Tyler Technologies, Inc.",Technology
UAL,1.5693531128974896,0.11147862762979519,0.47727153643533127,0.3009943303681676,"United Airlines Holdings, Inc.",Industrials
UBER,1.404242074867791,0.01212889063753153,0.45537411049703913,0.18612452296941404,"Uber Technologies, Inc.",Technology
UDR,0.7286301434938075,-0.054248354153089,0.2292388565587469,0.05624125903243697,"UDR, Inc.",Real Estate
UHS,0.8226456060127852,0.024525722786020915,0.30756666078198125,0.14385258037994794,"Universal Health Services, Inc.",Healthcare
ULTA,0.9262826463557622,0.09410812498593621,0.3382380644635166,0.2231766339075832,"Ulta Beauty, Inc.",Consumer Cyclical
UNH,0.42604533863598076,-0.04638383396801198,0.3093228541976069,0.03566348043865961,UnitedHealth Group Incorporated,Healthcare
UNP,0.7181513105309499,-0.028438222845353522,0.22397743261822556,0.08106640334413562,Union Pacific Corporation,Industrials
UPS,0.8460460973786392,-0.11802980420976847,0.27964043585074877,0.0034966475353332745,"United Parcel Service, Inc.",Industrials
URI,1.4125274407474488,0.1271319044637782,0.37442710871982926,0.30190634276363415,"United Rentals, Inc.",Industrials
USB,0.9936318504831084,0.006211936051025019,0.2975064258089201,0.1416111203917767,U.S. Bancorp,Financial Services
V,0.8638010217910905,0.006301500281921363,0.22573328729689615,0.12949687543899746,Visa Inc.,Financial Services
VICI,0.6449463661045958,-0.014925700768183725,0.2119979920933225,0.08769782343588978,VICI Properties Inc.,Real Estate
VLO,0.7657496291233745,0.2243502404442361,0.36702326574178384,0.3383290027338937,Valero Energy Corporation,Energy
VLTO,0.7040470782977969,-0.03625392974418443,0.22152494955132745,0.13241638151120913,Veralto Corp,Industrials
VMC,0.9343157480097222,0.047211782332850255,0.255629444153989,0.17703538494623167,Vulcan Materials Company (Holdi,Basic Materials
VRSK,0.5994044522992108,-0.034190513829550975,0.2289462407760188,0.06415217175137285,"Verisk Analytics, Inc.",Industrials
VRSN,0.8022019978641429,-0.04513417607591132,0.24109236061803238,0.07227102781384269,"VeriSign, Inc.",Technology
VRTX,0.5560383018970043,0.08790604284414238,0.2829853466858801,0.18217240672342677,Vertex Pharmaceuticals Incorpor,Healthcare
VST,1.2372679928620351,0.3918115010142559,0.48152598003792585,0.5501119409488728,Vistra Corp.,Utilities
VTR,0.5892053985709742,0.06628861977388904,0.25041851140159144,0.16367261698466687,"Ventas, Inc.",Real Estate
VTRS,0.7786365969311291,-0.07543626980822526,0.33378571108507277,0.03975383879776129,Viatris Inc.,Healthcare
VZ,0.25134229962716154,-0.021564847030582465,0.21235734180910693,0.04406077020792691,Verizon Communications Inc.,Communication Services
WAB,1.0291218128295354,0.12150462857175684,0.2592227773660143,0.26023979045170337,Westinghouse Air Brake Technolo,Industrials
WAT,0.984904416470486,-0.02002134510633309,0.3181923910534009,0.11455747984500254,Waters Corporation,Healthcare
WBD,1.3502381935359882,-0.0965962577215555,0.5601542576608346,0.07232312985712919,"Warner Bros. Discovery, Inc. - ",Communication Services
WDC,1.5850580753452512,0.2667132838834071,0.4637619658428918,0.4577052181677086,Western Digital Corporation,Technology
WEC,0.2913206462027676,0.02698982203320434,0.19140032415673452,0.09637331494733546,"WEC Energy Group, Inc.",Utilities
WELL,0.5770710104828604,0.17909036221064295,0.2364173409363593,0.27533375392517695,Welltower Inc.,Real Estate
WFC,1.0086516233033174,0.15293466925846735,0.30277862284932106,0.28974567884385954,Wells Fargo & Company,Financial Services
WM,0.3806025372397902,0.0916521631928616,0.18300728539935068,0.16942795532244498,"Waste Management, Inc.",Industrials
WMB,0.6206704204499659,0.2071334687758331,0.23626514068488438,0.30747510807239237,"Williams Companies, Inc. (The)",Energy
WMT,0.4553987587831542,0.13916641616676795,0.2083968227251431,0.22397288679213806,Walmart Inc.,Consumer Defensive
WRB,0.44870787503986437,0.1447552354929698,0.22556561583406037,0.22893277792543001,W.R. Berkley Corporation,Financial Services
WST,0.9174788836757019,-0.09203522057834501,0.39764468387497,0.036205754228883835,"West Pharmaceutical Services, I",Healthcare
WTW,0.6018393109796383,0.024884217241649673,0.2241579425821164,0.12345577412397789,Willis Towers Watson Public Lim,Financial Services
WY,0.8888672320515005,-0.09358051147630471,0.2655039470714712,0.031971031703865435,Weyerhaeuser Company,Real Estate
WYNN,1.2190117901269482,-0.05382414575560493,0.4165864888085105,0.10276025171943559,"Wynn Resorts, Limited",Consumer Cyclical
XEL,0.3500752520021984,0.01270853138575305,0.2055024951138403,0.0876148265885398,Xcel Energy Inc.,Utilities
XOM,0.5318133784012705,0.21368411254966763,0.26767393887115143,0.30567338749091266,Exxon Mobil Corporation,Energy
XYL,1.0205450655851265,-0.023419218397223898,0.2560775806797965,0.11450974831442655,Xylem Inc.,Industrials
YUM,0.5682379983497108,0.02572533287079304,0.20131627600567195,0.12113844108736245,"Yum! Brands, Inc.",Consumer Cyclical
ZBH,0.6448323621423573,-0.16868157820696578,0.25824739529265794,-0.06606877012182458,"Zimmer Biomet Holdings, Inc.",Healthcare
ZBRA,1.5487009592244767,-0.2150359843913638,0.39164582989924746,-0.027461538172698766,Zebra Technologies Corporation,Technology
ZTS,0.833302772444241,-0.11951312732262213,0.2648306611091759,0.0008154802168180541,Zoetis Inc.,Healthcare
